{"train_err": 0.0002556022828478887, "train_lev": 3, "train_syl_err_rate": 0.0009445843828715365, "test_err": 0.012131968180810533, "test_lev": 1093, "test_syl_err_rate": 0.1196496989600438}