{"train_err": 0.0002556022828478887, "train_lev": 3, "train_syl_err_rate": 0.0009445843828715365, "test_err": 0.014828333677299957, "test_lev": 983, "test_syl_err_rate": 0.1315226117206315}