{"train_err": 0.0002556022828478887, "train_lev": 3, "train_syl_err_rate": 0.0009445843828715365, "test_err": 0.014412676952441547, "test_lev": 906, "test_syl_err_rate": 0.2230977591726176}