{"train_err": 2.9916831209238317e-05, "train_lev": 0, "train_syl_err_rate": 0.0, "test_err": 0.025570792394147168, "test_lev": 1213, "test_syl_err_rate": 0.4736431081608747}