{"train_err": 0.00021828216058153663, "train_lev": 13, "train_syl_err_rate": 0.006970509383378016, "test_err": 0.0183248370549426, "test_lev": 992, "test_syl_err_rate": 0.32481990831696134}