{"train_err": 0.00021828216058153663, "train_lev": 13, "train_syl_err_rate": 0.006970509383378016, "test_err": 0.011324592380819391, "test_lev": 1620, "test_syl_err_rate": 0.1814719390612748}