{"train_err": 0.00021828216058153663, "train_lev": 13, "train_syl_err_rate": 0.006970509383378016, "test_err": 0.01564832211424803, "test_lev": 4689, "test_syl_err_rate": 0.2827424023154848}