{"train_err": 0.00021828216058153663, "train_lev": 13, "train_syl_err_rate": 0.006970509383378016, "test_err": 0.016456065152164596, "test_lev": 2753, "test_syl_err_rate": 0.27513491904857085}