{"train_err": 0.00018043484798364057, "train_lev": 2, "train_syl_err_rate": 0.004889975550122249, "test_err": 0.022768964673818094, "test_lev": 2479, "test_syl_err_rate": 0.17076530963697734}