{"train_err": 2.9916831209238317e-05, "train_lev": 0, "train_syl_err_rate": 0.0, "test_err": 0.030052094552010786, "test_lev": 1439, "test_syl_err_rate": 0.47118533071381796}