{"train_err": 2.9916831209238317e-05, "train_lev": 0, "train_syl_err_rate": 0.0, "test_err": 0.02943365095230571, "test_lev": 4341, "test_syl_err_rate": 0.48627758485493444}