{"train_err": 2.9916831209238317e-05, "train_lev": 0, "train_syl_err_rate": 0.0, "test_err": 0.030909927957296968, "test_lev": 8380, "test_syl_err_rate": 0.505306319343946}