{"train_err": 2.9916831209238317e-05, "train_lev": 0, "train_syl_err_rate": 0.0, "test_err": 0.0339468495499357, "test_lev": 5435, "test_syl_err_rate": 0.5431740955426744}