{"train_err": 8.093103057574335e-05, "train_lev": 1, "train_syl_err_rate": 0.0013192612137203166, "test_err": 0.01868950697089346, "test_lev": 1846, "test_syl_err_rate": 0.1271612592133361}