{"train_err": 8.093103057574335e-05, "train_lev": 1, "train_syl_err_rate": 0.0013192612137203166, "test_err": 0.01898738892669286, "test_lev": 1321, "test_syl_err_rate": 0.12923107024065741}