{"train_err": 8.093103057574335e-05, "train_lev": 1, "train_syl_err_rate": 0.0013192612137203166, "test_err": 0.01560676765858377, "test_lev": 1117, "test_syl_err_rate": 0.07859002321818054}