{"train_err": 8.093103057574335e-05, "train_lev": 1, "train_syl_err_rate": 0.0013192612137203166, "test_err": 0.01707840459680423, "test_lev": 1056, "test_syl_err_rate": 0.09487018237355134}