{"train_err": 0.00011305274718175652, "train_lev": 1, "train_syl_err_rate": 0.001984126984126984, "test_err": 0.02164357114935101, "test_lev": 706, "test_syl_err_rate": 0.2311722331368697}