{"train_err": 0.00011305274718175652, "train_lev": 1, "train_syl_err_rate": 0.001984126984126984, "test_err": 0.026379952155044115, "test_lev": 2854, "test_syl_err_rate": 0.3197042679511594}