{"train_err": 0.00011305274718175652, "train_lev": 1, "train_syl_err_rate": 0.001984126984126984, "test_err": 0.024040612674040986, "test_lev": 4847, "test_syl_err_rate": 0.292269657501206}