{"train_err": 0.00011305274718175652, "train_lev": 1, "train_syl_err_rate": 0.001984126984126984, "test_err": 0.02948649807115302, "test_lev": 3506, "test_syl_err_rate": 0.3503897661403158}