{"train_err": 0.0003188102168323514, "train_lev": 19, "train_syl_err_rate": 0.0068149210903873745, "test_err": 0.004444187013917045, "test_lev": 137, "test_syl_err_rate": 0.03104464083389984}