{"train_err": 0.0003188102168323514, "train_lev": 19, "train_syl_err_rate": 0.0068149210903873745, "test_err": 0.011545347903932827, "test_lev": 626, "test_syl_err_rate": 0.08313413014608234}