{"train_err": 0.0003188102168323514, "train_lev": 19, "train_syl_err_rate": 0.0068149210903873745, "test_err": 0.02262613500513776, "test_lev": 1123, "test_syl_err_rate": 0.4039568345323741}