{"train_err": 8.539952745594807e-05, "train_lev": 0, "train_syl_err_rate": 0.0, "test_err": 0.01581706910761569, "test_lev": 962, "test_syl_err_rate": 0.12871287128712872}