{"train_err": 8.539952745594807e-05, "train_lev": 0, "train_syl_err_rate": 0.0, "test_err": 0.013138221727373946, "test_lev": 628, "test_syl_err_rate": 0.1546417138635804}