{"train_err": 0.00028763010768152156, "train_lev": 9, "train_syl_err_rate": 0.03896103896103896, "test_err": 0.023963633739064086, "test_lev": 1484, "test_syl_err_rate": 0.16245210727969348}