{"train_err": 0.00028763010768152156, "train_lev": 9, "train_syl_err_rate": 0.03896103896103896, "test_err": 0.02022928410429068, "test_lev": 1341, "test_syl_err_rate": 0.1794219962536794}