{"train_err": 0.00020403166571451888, "train_lev": 5, "train_syl_err_rate": 0.001633453119895459, "test_err": 0.01128708200845592, "test_lev": 1007, "test_syl_err_rate": 0.06936694909416546}