{"train_err": 0.00020403166571451888, "train_lev": 5, "train_syl_err_rate": 0.001633453119895459, "test_err": 0.013947181507070446, "test_lev": 854, "test_syl_err_rate": 0.08354529446292311}