{"train_err": 0.00020403166571451888, "train_lev": 5, "train_syl_err_rate": 0.001633453119895459, "test_err": 0.012652749419596512, "test_lev": 757, "test_syl_err_rate": 0.05326109899387884}