{"train_err": 0.00020403166571451888, "train_lev": 5, "train_syl_err_rate": 0.001633453119895459, "test_err": 0.014252083109474362, "test_lev": 277, "test_syl_err_rate": 0.10285926476049016}