{"train_err": 3.133126546981233e-05, "train_lev": 0, "train_syl_err_rate": 0.0, "test_err": 0.02484848165719732, "test_lev": 643, "test_syl_err_rate": 0.14570586902334012}