{"train_err": 3.133126546981233e-05, "train_lev": 0, "train_syl_err_rate": 0.0, "test_err": 0.018908557434210334, "test_lev": 1226, "test_syl_err_rate": 0.16281540504648073}