{"train_err": 3.133126546981233e-05, "train_lev": 0, "train_syl_err_rate": 0.0, "test_err": 0.01994620001723131, "test_lev": 682, "test_syl_err_rate": 0.11776895182179244}