{"train_err": 3.133126546981233e-05, "train_lev": 0, "train_syl_err_rate": 0.0, "test_err": 0.018763818974926932, "test_lev": 463, "test_syl_err_rate": 0.16654676258992807}