{"train_err": 8.300821781356355e-05, "train_lev": 0, "train_syl_err_rate": 0.0, "test_err": 0.01524303905320781, "test_lev": 462, "test_syl_err_rate": 0.09804753820033955}