{"train_err": 8.300821781356355e-05, "train_lev": 0, "train_syl_err_rate": 0.0, "test_err": 0.015663261887211496, "test_lev": 626, "test_syl_err_rate": 0.10809877395959247}