{"train_err": 8.300821781356355e-05, "train_lev": 0, "train_syl_err_rate": 0.0, "test_err": 0.015654701412767032, "test_lev": 465, "test_syl_err_rate": 0.1053704962610469}