{"train_err": 8.300821781356355e-05, "train_lev": 0, "train_syl_err_rate": 0.0, "test_err": 0.041182044628541956, "test_lev": 539, "test_syl_err_rate": 0.19388489208633095}