{"train_err": 0.00018043484798364057, "train_lev": 2, "train_syl_err_rate": 0.004889975550122249, "test_err": 0.02082019162473737, "test_lev": 1375, "test_syl_err_rate": 0.1345137937781256}