{"train_err": 0.00018043484798364057, "train_lev": 2, "train_syl_err_rate": 0.004889975550122249, "test_err": 0.01804870632283026, "test_lev": 1551, "test_syl_err_rate": 0.10912544853303315}