{"train_err": 0.00018043484798364057, "train_lev": 2, "train_syl_err_rate": 0.004889975550122249, "test_err": 0.019114334864419102, "test_lev": 1291, "test_syl_err_rate": 0.11598239151918066}