{"train_err": 0.00028763010768152156, "train_lev": 9, "train_syl_err_rate": 0.03896103896103896, "test_err": 0.017959678702083665, "test_lev": 921, "test_syl_err_rate": 0.226791430682098}